{
  "training_loss": [
    4.775537490844727,
    1.5229402379191015e-06,
    4.639105100068264e-06,
    8.338250336237252e-05,
    0.006274615414440632,
    2.5180798957080697e-07,
    8.33056492410833e-06,
    0.00011286821973044425,
    0.0006803242140449584,
    2.256769562336558e-07,
    3.4520946883276338e-06,
    4.216926754452288e-05,
    0.0002657134900800884,
    0.0036480107810348272,
    2.194141615063927e-07,
    1.2861418099419097e-06,
    1.5061438716656994e-05,
    0.00010894721344811842,
    3.5293898690724745e-05,
    1.310759785155824e-06,
    1.1199615528312279e-06,
    2.7680464427248808e-06,
    2.3923876142362133e-05,
    5.316700116964057e-05,
    0.00021108161308802664,
    0.0010551047744229436,
    0.009135284461081028,
    4.826678718927724e-07,
    5.259225872578099e-06,
    4.414992145029828e-05,
    0.0003150102565996349,
    8.184839828118129e-08,
    9.912505447573494e-07,
    8.20336936158128e-06,
    7.561322127003223e-05,
    0.0007674325024709105,
    3.0611536502838135,
    8.688020898262039e-07,
    5.353061624191469e-06,
    0.00010031378042185679,
    0.00043830470531247556,
    8.91909905931243e-08,
    6.145106681287871e-07,
    3.8433528970927e-05,
    0.0005215269047766924,
    1.281715640288894e-07,
    1.6052201772254193e-06,
    2.087162465613801e-05,
    0.00018233020091429353,
    6.629935711544022e-08
  ],
  "test_loss": [
    4.703001499176025,
    26.795867919921875,
    24.982954025268555,
    20.91548728942871,
    21.937013626098633,
    25.758392333984375,
    21.96290397644043,
    19.793228149414062,
    20.736101150512695,
    23.3302001953125,
    19.7265567779541,
    18.319185256958008,
    16.858402252197266,
    15.422171592712402,
    20.76729393005371,
    17.164033889770508,
    9.968070030212402,
    3.2329254150390625,
    0.933243989944458,
    0.17215849459171295,
    0.004238049499690533,
    0.0018538848962634802,
    0.0018523265607655048,
    0.0055561731569468975,
    0.03012188896536827,
    0.016987716779112816,
    0.030339837074279785,
    5.080707069282653e-06,
    9.591570415068418e-05,
    0.0003990580444224179,
    0.0035171264316886663,
    5.198799044592306e-07,
    4.1443772715865634e-06,
    3.794840085902251e-05,
    0.00031687977025285363,
    0.014253893867135048,
    3.067539691925049,
    2.2521187474922044e-06,
    1.7267702787648886e-05,
    0.03567992523312569,
    0.0031663021072745323,
    3.896674911629816e-07,
    2.8724807634716853e-06,
    0.0029976218938827515,
    0.0035971880424767733,
    2.817869244609028e-07,
    5.202810825721826e-06,
    5.7136716350214556e-05,
    0.0008374414755962789,
    1.438062895431358e-07
  ],
  "training_acc": 1.0,
  "test_acc": [
    0.01719457097351551,
    0.044343892484903336,
    0.04796380177140236,
    0.04524886980652809,
    0.0470588244497776,
    0.048868779093027115,
    0.04796380177140236,
    0.04615384712815285,
    0.04615384712815285,
    0.05158371105790138,
    0.048868779093027115,
    0.04977375641465187,
    0.048868779093027115,
    0.05429864302277565,
    0.0615384615957737,
    0.08144796639680862,
    0.1619909554719925,
    0.4977375566959381,
    0.7945701479911804,
    0.9502262473106384,
    0.9981900453567505,
    0.9990950226783752,
    1.0,
    0.9972850680351257,
    0.9972850680351257,
    0.9981900453567505,
    0.9972850680351257,
    1.0,
    1.0,
    1.0,
    1.0,
    1.0,
    1.0,
    1.0,
    1.0,
    0.996380090713501,
    0.19095022976398468,
    1.0,
    1.0,
    0.9882352948188782,
    1.0,
    1.0,
    1.0,
    1.0,
    0.9990950226783752,
    1.0,
    1.0,
    1.0,
    1.0,
    1.0
  ],
  "svm_accuracy": [
    0.025390625,
    0.041015625,
    0.037109375,
    0.037109375,
    0.037109375,
    0.037109375,
    0.037109375,
    0.037109375,
    0.037109375,
    0.037109375,
    0.037109375,
    0.037109375,
    0.037109375,
    0.04296875,
    0.037109375,
    0.037109375,
    0.083984375,
    0.353515625,
    0.580078125,
    0.73046875,
    0.8359375,
    0.8671875,
    0.87109375,
    0.865234375,
    0.849609375,
    0.76171875,
    0.619140625,
    0.953125,
    0.912109375,
    0.92578125,
    0.81640625,
    0.974609375,
    0.9765625,
    0.96484375,
    0.951171875,
    0.7734375,
    0.2890625,
    0.99609375,
    0.98046875,
    0.826171875,
    0.71484375,
    0.97265625,
    0.95703125,
    0.861328125,
    0.73828125,
    0.966796875,
    0.943359375,
    0.93359375,
    0.80078125,
    0.953125
  ],
  "dots": [
    392,
    510,
    511,
    512,
    512,
    508,
    508,
    511,
    512,
    499,
    499,
    503,
    500,
    502,
    496,
    494,
    495,
    495,
    496,
    497,
    500,
    501,
    503,
    496,
    506,
    501,
    485,
    492,
    496,
    497,
    490,
    475,
    483,
    495,
    490,
    484,
    337,
    474,
    483,
    467,
    484,
    480,
    480,
    490,
    488,
    492,
    485,
    496,
    483,
    456
  ]
}