{
  "training_loss": [
    1.848744511604309,
    0.011305486783385277,
    0.0006646143738180399,
    0.0001435284357285127,
    0.00013082018995191902,
    1.808529304980766e-05,
    2.8125923563493416e-05,
    2.55738414125517e-05,
    0.00019357977726031095,
    1.3779118489765096e-05,
    0.0004637664824258536,
    1.0538326932874043e-05,
    8.547136530978605e-05,
    3.348718018969521e-05,
    1.8470209397492e-05,
    7.923596058390103e-06,
    6.649888382526115e-05,
    1.0334419130231254e-05,
    0.00027848590980283916,
    0.0003220312646590173,
    4.6191153160179965e-06,
    4.666359927796293e-06,
    7.61701085139066e-06,
    4.1253879317082465e-06,
    3.015820311702555e-06,
    8.347485163540114e-06,
    4.9676168600854e-06,
    3.927590114471968e-06,
    1.0366626156610437e-05,
    1.4103485455052578e-06,
    4.932553565595299e-05,
    6.004004262649687e-06,
    1.9449396404525032e-06,
    9.614208465791307e-06,
    7.167489911807934e-06,
    0.0007096094195730984,
    4.591780452756211e-05,
    2.269289325340651e-06,
    2.941801540146116e-06,
    4.58208933196147e-06,
    2.1685973479179665e-06,
    6.955793651286513e-06,
    4.9188067350769415e-05,
    7.552684564871015e-06,
    2.6199440981145017e-06,
    2.683968432393158e-06,
    3.910912255378207e-06,
    2.6227515263599344e-05,
    1.4189165085554123e-05,
    2.9470240860973718e-06
  ],
  "test_loss": [
    1.8393850326538086,
    0.027203762903809547,
    0.028664605692029,
    0.024130355566740036,
    0.022834692150354385,
    0.021458743140101433,
    0.020724110305309296,
    0.021015282720327377,
    0.020732790231704712,
    0.020332101732492447,
    0.02103586494922638,
    0.019018614664673805,
    0.01731269806623459,
    0.010475623421370983,
    0.0013937057228758931,
    9.063174366019666e-05,
    0.00013172240869607776,
    2.6344678190071136e-05,
    0.0003872805100400001,
    0.0003231610171496868,
    2.5765762984519824e-05,
    1.534682814963162e-05,
    4.570261080516502e-05,
    1.690587669145316e-05,
    2.035003126366064e-05,
    1.5898443962214515e-05,
    2.5608587748138234e-05,
    1.0084633686346933e-05,
    3.195277531631291e-05,
    8.805473953543697e-06,
    8.696555596543476e-05,
    2.406591738690622e-05,
    8.0985237218556e-06,
    2.8533127988339402e-05,
    1.4441699931921903e-05,
    0.0008180142031051219,
    7.617942173965275e-05,
    6.514397682622075e-06,
    1.1197681487828959e-05,
    1.596401671122294e-05,
    8.987306500785053e-06,
    1.5066277228470426e-05,
    7.272746734088287e-05,
    1.674700979492627e-05,
    9.396177119924687e-06,
    9.2504433268914e-06,
    7.319089490920305e-06,
    3.5909015423385426e-05,
    1.6840769603732042e-05,
    8.242939657066017e-06
  ],
  "training_acc": 1.0,
  "test_acc": [
    0.01719457097351551,
    0.044343892484903336,
    0.04615384712815285,
    0.048868779093027115,
    0.048868779093027115,
    0.048868779093027115,
    0.05158371105790138,
    0.05701357498764992,
    0.0615384615957737,
    0.07330317050218582,
    0.08778280764818192,
    0.1475113183259964,
    0.2660633623600006,
    0.8226244449615479,
    0.9990950226783752,
    1.0,
    1.0,
    1.0,
    1.0,
    1.0,
    1.0,
    1.0,
    1.0,
    1.0,
    1.0,
    1.0,
    1.0,
    1.0,
    1.0,
    1.0,
    1.0,
    1.0,
    1.0,
    1.0,
    1.0,
    1.0,
    1.0,
    1.0,
    1.0,
    1.0,
    1.0,
    1.0,
    1.0,
    1.0,
    1.0,
    1.0,
    1.0,
    1.0,
    1.0,
    1.0
  ],
  "svm_accuracy": [
    0.025390625,
    0.04296875,
    0.044921875,
    0.046875,
    0.044921875,
    0.041015625,
    0.046875,
    0.052734375,
    0.056640625,
    0.064453125,
    0.076171875,
    0.12109375,
    0.24609375,
    0.810546875,
    0.998046875,
    1.0,
    1.0,
    1.0,
    0.99609375,
    0.998046875,
    1.0,
    1.0,
    1.0,
    1.0,
    1.0,
    1.0,
    1.0,
    1.0,
    1.0,
    1.0,
    1.0,
    0.998046875,
    1.0,
    1.0,
    1.0,
    0.9765625,
    1.0,
    1.0,
    1.0,
    1.0,
    1.0,
    1.0,
    0.998046875,
    1.0,
    1.0,
    1.0,
    0.99609375,
    1.0,
    0.99609375,
    1.0
  ],
  "dots": [
    392,
    486,
    505,
    505,
    507,
    509,
    510,
    508,
    511,
    509,
    508,
    507,
    507,
    507,
    508,
    503,
    499,
    503,
    502,
    500,
    504,
    501,
    503,
    504,
    508,
    499,
    512,
    504,
    512,
    512,
    512,
    512,
    512,
    512,
    504,
    501,
    512,
    509,
    511,
    503,
    510,
    510,
    509,
    510,
    507,
    509,
    509,
    509,
    499,
    498
  ]
}