{
  "training_loss": [
    4.777557849884033,
    3.3853636978165014e-06,
    1.1235249530727742e-06,
    0.00031124797533266246,
    0.0004332356038503349
  ],
  "test_loss": [
    4.704825401306152,
    19.738210678100586,
    0.00432208739221096,
    0.003435753518715501,
    0.003147319657728076
  ],
  "training_acc": 1.0,
  "test_acc": [
    0.01719457097351551,
    0.048868779093027115,
    0.9981900453567505,
    1.0,
    1.0
  ],
  "svm_accuracy": [
    0.0,
    0.0,
    0.0,
    0.0,
    0.0
  ],
  "dots": [
    10,
    10,
    10,
    10,
    10
  ]
}