{
  "training_loss": [
    1.8529874086380005,
    0.0004648320027627051,
    3.9746478250890505e-06,
    4.916096440865658e-05,
    2.116968289556098e-06
  ],
  "test_loss": [
    1.8436048030853271,
    0.021042440086603165,
    2.421151839371305e-05,
    8.564208110328764e-05,
    8.418157449341379e-06
  ],
  "training_acc": 1.0,
  "test_acc": [
    0.01719457097351551,
    0.08778280764818192,
    1.0,
    1.0,
    1.0
  ],
  "svm_accuracy": [
    0.0,
    0.0,
    0.3,
    0.2,
    0.3
  ],
  "dots": [
    10,
    10,
    10,
    10,
    10
  ]
}